repetition,accuracy
1,0.46296296296296297
2,0.5
3,0.5
4,0.5
5,0.5
6,0.5
7,0.5
8,0.5
9,0.48148148148148145
10,0.48148148148148145
